﻿{"cameraMode":{"drawMode":0,"name":"Shaded","section":"Shading Mode"},"sceneLighting":false,"audioPlay":false,"sceneViewState":{"m_AlwaysRefresh":false,"showFog":true,"showSkybox":false,"showFlares":true,"showImageEffects":true,"showParticleSystems":true,"showVisualEffectGraphs":true,"m_FxEnabled":true},"in2DMode":false,"pivot":{"x":-12.289999961853028,"y":5.089095115661621,"z":-26.0},"rotation":{"x":0.03614140301942825,"y":-0.09281055629253388,"z":0.0034095917362719776,"w":0.9950426816940308},"size":0.8660253882408142,"orthographic":false}