﻿{"cameraMode":{"drawMode":0,"name":"Shaded","section":"Shading Mode"},"sceneLighting":true,"audioPlay":false,"sceneViewState":{"m_AlwaysRefresh":false,"showFog":true,"showSkybox":true,"showFlares":true,"showImageEffects":true,"showParticleSystems":true,"showVisualEffectGraphs":true,"m_FxEnabled":true},"in2DMode":false,"pivot":{"x":320.966796875,"y":115.73023223876953,"z":-387.0610046386719},"rotation":{"x":0.052895963191986087,"y":-0.9327268004417419,"z":-0.15362057089805604,"w":-0.3220013380050659},"size":10.0,"orthographic":false}